PlanIndex,RunID,PointName,Split,LogKP,LogKI,ScenarioID,Vin_RMS,Pload_Pre_W,Pload_High_W,BoostInductance_uH,DCBusCapacitance_uF,LineFrequency_Hz,KP,KI,IAMP_MAX_A,SimulationSucceeded,SafetyPassed,Objective,PerformanceObjective,PreLoadMean_V,HighLoadMean_V,PostLoadMean_V,SteadyStateError_V,LoadOnUndershoot_V,LoadOffOvershoot_V,LoadOnSettling_s,LoadOffSettling_s,HighLoadRipple_Vpp,GlobalVoutMinimum_V,GlobalVoutMaximum_V,ILPeak_A,PowerFactor,THD_Percent,InputPower_W,DutyMinimum,DutyMaximum,DutyMeanHigh,DutySaturationFraction,DutyStepRMS,IrefPeak_A,IrefMeanAbsHigh_A,IrefSaturationFraction,IrefStepRMS_A,ElapsedTime_s,BaselineFileUnchanged,ErrorIdentifier,ErrorMessage
1,S7_01_01,SAFE_BASELINE,test,-4.60517018598809,-0.22314355131421,STAGE7_01,180,300,1400,248.8,952,47,0.01,0.8,16,1,0,1000000,1.60762618929772,403.712596731546,384.508988439212,369.55477291995,19.8382346797236,92.1906225626637,23.0760823455786,0.38936170212766,0.38,37.8427911903681,302.262242446579,430.064345922026,13.8759418816409,0.972445885830857,9.92558644601301,1346.31156325851,0,0.85,0.74386316065463,0.405926485183787,0.00837801447007993,12.4771667122472,6.54908417474879,0,0.00913591270369316,60.598829,1,,
2,S7_01_02,PREVIOUS_BENCHMARK,test,-2.81378324280591,1.60684713308168,STAGE7_01,180,300,1400,248.8,952,47,0.0599776526,4.9870628691,16,1,0,1000000,0.443147560871171,399.734311876916,390.822637976806,396.416534981618,5.69021925240985,45.2298108435498,23.0280671691462,0.38936170212766,0.14096,14.609663830884,348.173546498441,430.030794134043,13.8753404751244,0.971222468741369,10.081354773099,1344.52957478965,0,0.85,0.768643993954116,0.499888750278124,0.00926042157209908,12.4772634549496,7.54836279201745,0,0.0103554269108399,48.2757425,1,,
3,S7_01_03,STRONG_FIXED,test,-1.89711998488588,2.484906649788,STAGE7_01,180,300,1400,248.8,952,47,0.15,12,16,1,0,1000000,0.37788219222532,400.022037039462,391.081218553381,398.890445940409,5.18897094277273,27.8195897304261,26.897681422535,0.38936170212766,0.11362,14.0750319300452,364.929855648367,430.001201102353,13.8751841305159,0.971403463064705,9.99529032449539,1345.19577876052,0,0.85,0.771406031175594,0.511343721640696,0.00943626976348159,12.4772501280211,7.7017022309178,0,0.0105239834876104,47.5847045,1,,
4,S7_01_04,DOE_RANDOM_1,test,-4.8181140748795,-0.155824451694009,STAGE7_01,180,300,1400,248.8,952,47,0.00808201485025507,0.855709395521307,16,1,0,1000000,1.50722175238309,401.306508947773,386.209396639753,370.768131367591,18.6760974725514,91.3170065527228,23.1067976793846,0.38936170212766,0.38,33.3517311349531,303.291861111791,430.110878760334,13.8728010043998,0.972273324137976,9.92981875655256,1350.25082742171,0,0.85,0.745644368934362,0.413398966502584,0.00845772501053906,12.4772761237775,6.6293539990251,0,0.00924713398392333,45.3876932,1,,
5,S7_01_05,DOE_RANDOM_2,test,-3.05376278353303,2.31465475812651,STAGE7_01,180,300,1400,248.8,952,47,0.047181057856794,10.1214279747212,16,1,0,1000000,0.436978054103568,400.05179605978,391.046763968885,398.214383094226,5.27103867040942,36.9424747056339,23.0988345288258,0.38936170212766,0.16272,14.1032523021719,354.941996599668,430.03891302208,13.8745962302184,0.971366508943186,10.0057845025101,1345.17742771166,0,0.85,0.770320383906968,0.507963730090675,0.00940119999139003,12.4773334309763,7.64233622323636,0,0.0104700010720066,46.2616401,1,,
6,S7_01_06,DOE_RANDOM_3,test,-2.01099310270141,0.389228605183034,STAGE7_01,180,300,1400,248.8,952,47,0.13385567620553,1.4758418978792,16,1,0,1000000,0.702764173454249,400.510643479891,385.61193206605,388.550250319188,10.6203267901504,44.4985689724584,26.2280459300405,0.38936170212766,0.24244,20.0338743218869,349.062307416165,430.012936289243,13.8747361909279,0.97104283154529,10.6529033537738,1320.61511215198,0,0.85,0.763788662735309,0.475918810202974,0.00916544917547074,12.4768100658852,7.23909374338176,0,0.0098964666263699,39.8754215,1,,
7,S7_02_01,SAFE_BASELINE,train,-4.60517018598809,-0.22314355131421,STAGE7_02,230,300,1100,311,1360,50,0.01,0.8,16,1,1,0.648700176000908,0.648700176000908,403.511811263184,402.764160361255,386.484254714438,8.21885578968956,55.2573474834028,27.556044752405,0.20736,0.38,23.2803725654564,341.315948885454,430.011565869099,9.43157498245589,0.968694883240449,9.21789875002947,1154.17113938314,0,0.85,0.670351125245579,0.221716945707636,0.00588774154794435,8.01661962956342,4.21584191759654,0,0.00589148501755926,33.3396066,1,,
8,S7_02_02,PREVIOUS_BENCHMARK,train,-2.81378324280591,1.60684713308168,STAGE7_02,230,300,1100,311,1360,50,0.0599776526,4.9870628691,16,1,1,0.130134554714229,0.130134554714229,399.973920579122,399.722980620122,400.922943043892,0.556550008322005,23.1341015560506,24.9775767638815,0.0726399999999999,0.15652,8.77565773608222,372.986905205558,426.362011821043,10.2070682423539,0.968260764024469,9.25268941536136,1101.5267381903,0,0.85,0.697452416323932,0.242259394351514,0.00628147282083653,8.78810003371647,4.5813811278063,0,0.00626926095205744,27.9667445,1,,
9,S7_02_03,STRONG_FIXED,train,-1.89711998488588,2.484906649788,STAGE7_02,230,300,1100,311,1360,50,0.15,12,16,1,1,0.0662901859587696,0.0662901859587696,400.013977480401,400.007506786373,399.603118906409,0.229322425309888,13.3331946195381,14.0777796406177,0.0404,0.0444399999999998,7.17291462083841,382.283175033906,415.640962550108,10.1514145123557,0.966760879627274,10.2419266902377,1100.06340472079,0,0.85,0.69998163980574,0.244114389714026,0.00665245450090439,8.74536575425057,4.62702438961049,0,0.00633162163095595,29.4284762,1,,
10,S7_02_04,DOE_RANDOM_1,train,-3.15384787352071,-0.33548037928077,STAGE7_02,230,300,1100,311,1360,50,0.0426875541333516,0.714994535281146,16,1,1,0.545031561053592,0.545031561053592,403.106973514042,393.242395995937,389.236671399159,7.55353645348485,41.7103944088464,25.8467439749231,0.26322,0.29324,21.9809510387454,354.895496186872,430.00740845156,8.78359732124998,0.97004765964867,9.08190585996201,1107.67587149974,0,0.85,0.673033295553875,0.209046977382557,0.00548120180072924,7.37102639128595,4.10783319414099,0,0.00565119311364424,33.1379929,1,,
11,S7_02_05,DOE_RANDOM_2,train,-4.83878388318343,1.25787802115392,STAGE7_02,230,300,1100,311,1360,50,0.00791667580239574,3.51794854905826,16,1,1,0.308596581711171,0.308596581711171,399.623483366485,398.507593202095,399.920228327258,0.889832633236357,35.0417639075985,26.2248452468845,0.18012,0.26258,16.5674925696618,360.988064610897,430.020571322506,11.154161422951,0.966486465984458,9.13623124747261,1090.91763833157,0,0.85,0.694346791586778,0.250164374589064,0.00618924880685864,9.73884584433741,4.55990571541215,0,0.00632938913523198,37.0890979,1,,
12,S7_02_06,DOE_RANDOM_3,train,-2.22184054358779,1.75594832893107,STAGE7_02,230,300,1100,311,1360,50,0.10840939287547,5.78893495420161,16,1,1,0.0843593575965013,0.0843593575965013,399.990757532333,399.924893883031,400.428352420921,0.251138838443062,18.5599173823678,19.8809051786908,0.0652400000000001,0.0713200000000001,7.38723655623585,377.452341650265,421.361509544885,9.78038890417998,0.967614480416685,9.63956340756756,1100.54930817108,0,0.85,0.698130551687028,0.237701905745236,0.00644671355782955,8.36329913716375,4.59323598601564,0,0.00627649846821543,45.9542523,1,,
13,S7_03_01,SAFE_BASELINE,test,-4.60517018598809,-0.22314355131421,STAGE7_03,265,200,900,373.2,952,53,0.01,0.8,16,1,0,1000000,0.272054494174789,400.055659045905,401.408262820015,399.205227519922,0.934160120949288,32.5937357732113,28.267061681562,0.18686,0.21246,15.0894658780784,360.572060203473,430.019625260577,16.1242965809367,0.973193638445877,7.79345223036364,910.327849984815,0,0.85,0.531086136330763,0.143329641675896,0.00400213953543583,4.43788986534737,2.50938615386153,0,0.00376884545807084,51.0727795,1,,
14,S7_03_02,PREVIOUS_BENCHMARK,test,-2.81378324280591,1.60684713308168,STAGE7_03,265,200,900,373.2,952,53,0.0599776526,4.9870628691,16,1,1,0.0788369805709495,0.0788369805709495,400.07410115388,400.027529266563,401.364330345506,0.78901756068197,20.0491773311686,21.1654366751087,0.0527799999999999,0.0759799999999999,7.9329423772819,375.249732161249,422.82971408938,6.58302275510098,0.972318852029935,8.76227009274836,897.390921208817,0,0.85,0.593801476698824,0.170302074244814,0.00436712066064718,5.19454540245385,2.85156544597023,0,0.00417035261449206,46.5397381,1,,
15,S7_03_03,STRONG_FIXED,test,-1.89711998488588,2.484906649788,STAGE7_03,265,200,900,373.2,952,53,0.15,12,16,1,1,0.0646878512438057,0.0646878512438057,399.997440448956,400.00886578209,400.025083968503,0.0154311251423257,10.996934975044,11.4392669292247,0.02704,0.0338399999999999,7.77096424830364,383.984222777661,413.217577092509,6.76246930816443,0.968819760550489,10.9168019220107,897.511758289288,0,0.85,0.602806129899553,0.173694565763586,0.00450598034231116,5.40722271020353,2.88380232399229,0,0.00428564427946556,45.297021,1,,
16,S7_03_04,DOE_RANDOM_1,test,-4.25813219196118,0.496969897911099,STAGE7_03,265,200,900,373.2,952,53,0.0141487048097636,1.64373303817729,16,1,1,0.143134396840181,0.143134396840181,398.741856096197,400.09042584713,401.616896599572,1.1839844495336,31.8720644225712,28.0222037327261,0.11026,0.0921599999999998,13.385462871759,362.843322937734,430.011213323821,12.5302794526609,0.972698938139951,8.15862312077922,889.943822543023,0,0.85,0.563925626063082,0.156714608213479,0.00418014579909183,4.83596768463108,2.71165862141061,0,0.00402040516084262,52.4446144,1,,
17,S7_03_05,DOE_RANDOM_2,test,-3.41371024679993,2.31722590233465,STAGE7_03,265,200,900,373.2,952,53,0.0329188365083716,10.1474851096073,16,1,1,0.0659581171635343,0.0659581171635343,399.963012600004,399.998102512795,400.639359045702,0.369752916390005,17.5923691798816,18.4109722376378,0.0356,0.0599799999999999,8.81236928152481,378.253446727728,420.356978307133,7.34177639349526,0.972640807288761,8.70035740871827,898.35689529342,0,0.85,0.596711824281282,0.171664570838573,0.00439096898543472,5.94506118557989,2.86954012928507,0,0.00419644644141982,45.2585984,1,,
18,S7_03_06,DOE_RANDOM_3,test,-2.11836696396535,-0.116500776869395,STAGE7_03,265,200,900,373.2,952,53,0.120227804623847,0.890029405539803,16,1,1,0.286784926290021,0.286784926290021,400.005121131096,395.160830537091,410.030676704185,6.42993163417804,20.4241397523275,20.0713313992352,0.20116,0.18912,12.9300262764278,375.651812825461,421.097629302426,5.89811573210808,0.97089490219566,10.0044194262045,888.647615801061,0,0.85,0.564119410722945,0.164564588588529,0.00434482758862776,4.50983384525164,2.67027944178424,0,0.00395430044967963,39.420986,1,,
19,S7_04_01,SAFE_BASELINE,train,-4.60517018598809,-0.22314355131421,STAGE7_04,190.539372581718,350.290735831961,904.931860451025,356.662296747221,1150.76722251851,50.0329835044347,0.01,0.8,16,1,1,0.882891994095942,0.882891994095942,403.271778377565,400.393668010952,375.294214008934,14.3902208657024,52.0280150335529,25.8683952096019,0.2277,0.38,28.9662224763802,344.838246611674,430.03016966195,9.51406624347951,0.971768586495742,9.31830277012237,969.76921743549,0,0.85,0.73515067263538,0.320159199602001,0.00723896281833624,8.14363410338751,4.336839073921,0,0.00618674977095232,35.4270626,1,,
20,S7_04_02,PREVIOUS_BENCHMARK,train,-2.81378324280591,1.60684713308168,STAGE7_04,190.539372581718,350.290735831961,904.931860451025,356.662296747221,1150.76722251851,50.0329835044347,0.0599776526,4.9870628691,16,1,1,0.138694355527888,0.138694355527888,399.749979386137,399.591368217433,401.059795845263,0.671480323543236,22.0545568050626,23.7431969638951,0.08,0.16182,8.84651965555662,374.256760040646,425.410043996944,10.2049311753728,0.969462464085413,9.98131077466807,914.506675218472,0,0.85,0.753598560423204,0.371574071064822,0.00800230459925437,8.83278163170385,4.69428363373874,0,0.00660164975500204,34.7220027,1,,
21,S7_04_03,STRONG_FIXED,train,-1.89711998488588,2.484906649788,STAGE7_04,190.539372581718,350.290735831961,904.931860451025,356.662296747221,1150.76722251851,50.0329835044347,0.15,12,16,1,1,0.0670816862065478,0.0670816862065478,400.026770587028,400.0155951254,399.694541469104,0.177261376092862,13.0272757836265,13.746862700873,0.04448,0.0469599999999999,7.0860958481411,383.218345214688,415.422745775384,10.1430974228133,0.968972460670764,10.349083966487,916.298700690881,0,0.85,0.755287397434275,0.379936550158625,0.00809954596693988,8.77823919458397,4.7359837836149,0,0.00664497403488774,32.6852533,1,,
22,S7_04_04,DOE_RANDOM_1,train,-3.18310686271231,-0.449932614056866,STAGE7_04,190.539372581718,350.290735831961,904.931860451025,356.662296747221,1150.76722251851,50.0329835044347,0.04145665469698,0.637671120243863,16,1,0,1000000,0.916361186850062,404.873680631006,388.798626489186,378.921467608138,14.0656562735451,40.9082334724426,25.7360398627214,0.3124,0.38,25.9115684331826,355.971206875294,430.01889027806,8.93613607560751,0.971735123845841,9.58783969744964,913.750734236126,0,0.85,0.735552804606076,0.310984222539444,0.00721773722636129,7.57173208363732,4.16219010615474,0,0.00587225436853759,35.6174171,1,,
23,S7_04_05,DOE_RANDOM_2,train,-2.42805043704439,1.95563524713299,STAGE7_04,190.539372581718,350.290735831961,904.931860451025,356.662296747221,1150.76722251851,50.0329835044347,0.0882086333436892,7.06840778359368,16,1,1,0.0858246188658467,0.0858246188658467,400.102082311732,399.869827849118,400.06537400903,0.102695907562643,17.8839645886362,19.3098270129343,0.0646,0.06846,8.26177380438759,378.268359471039,420.79024531067,10.1654927636143,0.969652354871177,10.0040781675062,917.952425799012,0,0.85,0.754466373951569,0.375714060714848,0.00805700083051641,8.81238611987289,4.71481800646749,0,0.00662111920281035,37.4132095,1,,
24,S7_04_06,DOE_RANDOM_3,train,-4.83950536943151,1.10222597082073,STAGE7_04,190.539372581718,350.290735831961,904.931860451025,356.662296747221,1150.76722251851,50.0329835044347,0.00791096608966111,3.01086065812223,16,1,1,0.471732244166019,0.471732244166019,398.95067354371,399.267727227824,397.238952896301,1.75695669967386,30.5318726621173,24.9343569299965,0.21138,0.38,20.6549186237208,366.043156186986,430.010842825071,10.5998800646738,0.967255833537018,9.91522555835663,893.232131662776,0,0.85,0.751358926780108,0.362359094102265,0.00783120025506153,9.22958391560017,4.63489625357942,0,0.00656910174696432,33.4978396,1,,
25,S7_05_01,SAFE_BASELINE,train,-4.60517018598809,-0.22314355131421,STAGE7_05,194.58677783696,413.368061718102,1176.34427641643,346.877024334214,1296.27427943713,49.1168243597213,0.01,0.8,16,1,1,1.07583557184522,1.07583557184522,406.69497033266,396.785296629327,372.262902792158,16.5781332587426,63.2907011269316,26.5853344859818,0.24944,0.38,34.2196981895543,333.176883989103,430.027192424932,11.3734404339096,0.979203172266774,8.32663030778859,1238.0244080894,0,0.85,0.723943055013034,0.306891732770668,0.00710398584231386,10.0042022265554,5.23192503822502,0,0.00738209113637023,32.8421198,1,,
26,S7_05_02,PREVIOUS_BENCHMARK,train,-2.81378324280591,1.60684713308168,STAGE7_05,194.58677783696,413.368061718102,1176.34427641643,346.877024334214,1296.27427943713,49.1168243597213,0.0599776526,4.9870628691,16,1,1,0.146636611352102,0.146636611352102,399.66360986833,399.582141790093,397.849620266384,1.27956982394073,27.6401223603601,26.7187408747886,0.0864200000000001,0.15602,10.2680635667717,368.250106244567,430.016627446298,12.4113123835513,0.976716690239604,8.81238737258373,1173.4193097973,0,0.85,0.748918612616206,0.370789073027317,0.00795329355750876,11.0390939270665,5.84855190765481,0,0.00810629106410222,35.2253879,1,,
27,S7_05_03,STRONG_FIXED,train,-1.89711998488588,2.484906649788,STAGE7_05,194.58677783696,413.368061718102,1176.34427641643,346.877024334214,1296.27427943713,49.1168243597213,0.15,12,16,1,1,0.067191952229645,0.067191952229645,400.05391030897,400.03830763035,399.639930047304,0.211363956869322,16.4205566315081,17.2011187961247,0.05004,0.05284,8.22819312586398,379.047425479109,419.378253091497,12.3989365307491,0.976402765255414,9.29339608684375,1179.85056837152,0,0.85,0.751184113939766,0.378186554533614,0.00800975776500554,11.0316583081557,5.91456368229082,0,0.00817045594373737,34.9104412,1,,
28,S7_05_04,DOE_RANDOM_1,train,-3.67142493639881,2.22225909253037,STAGE7_05,194.58677783696,413.368061718102,1176.34427641643,346.877024334214,1296.27427943713,49.1168243597213,0.0254401934493297,9.22815459077052,16,1,1,0.194069594808083,0.194069594808083,401.025787380833,400.333978327686,398.908389396958,0.88607655476517,26.0357872950846,26.2375415446667,0.12428,0.20204,13.3749179349172,369.015695352952,428.075667180348,13.9701798802324,0.976581817247163,8.84223053940881,1193.58182657199,0,0.85,0.749963578161272,0.373079067302332,0.0080069500705622,12.6084812281086,5.89946432050403,0,0.00821618288824762,43.8555696,1,,
29,S7_05_05,DOE_RANDOM_2,train,-5.06902294115421,-0.6166529920416,STAGE7_05,194.58677783696,413.368061718102,1176.34427641643,346.877024334214,1296.27427943713,49.1168243597213,0.00628856143468688,0.53974795842411,16,1,0,1000000,1.89301859891746,419.113016486985,380.397195196967,363.511677407596,26.3373944610126,73.1352236029977,25.2421084040429,0.33598,0.38,49.0142238980645,323.427253736146,430.035052081761,11.0942550705013,0.979427932296098,8.15387914203414,1188.5805911938,0,0.85,0.707812248388701,0.271836820407949,0.00658810671434675,9.72858380612259,4.71480209233959,0,0.00671589416103852,38.2997238,1,,
30,S7_05_06,DOE_RANDOM_3,train,-1.90036125481201,0.438098119595771,STAGE7_05,194.58677783696,413.368061718102,1176.34427641643,346.877024334214,1296.27427943713,49.1168243597213,0.149514596597769,1.54975696148625,16,1,1,0.352544157919205,0.352544157919205,400.615278257792,395.638028794997,413.100807016601,7.97990193369149,25.9291177548657,27.8500323087313,0.21078,0.20096,14.5110014161222,370.056206355952,429.446356718869,10.8433162378713,0.97699855843334,9.01460867142924,1174.04084111123,0,0.85,0.742897060897058,0.351459121352197,0.00780916989985064,9.47007646919183,5.5898234875073,0,0.00772306005251643,29.4846809,1,,
31,S7_06_01,SAFE_BASELINE,train,-4.60517018598809,-0.22314355131421,STAGE7_06,236.328215333507,223.544054229493,992.722807508624,269.85662104101,1222.13759945535,49.6710250443977,0.01,0.8,16,1,1,0.477516171441415,0.477516171441415,403.00483132646,403.365959569098,390.850764386939,5.88974270588499,54.8127669279194,26.6585318787025,0.19348,0.28756,17.4355026761671,341.520231719447,430.041097756707,8.55172919551626,0.962176919448946,10.5545710964889,1041.04840919094,0,0.85,0.667728926171731,0.290539273651816,0.00418661778481525,7.12217094525542,3.81146429732798,0,0.00528511352069571,37.5606964,1,,
32,S7_06_02,PREVIOUS_BENCHMARK,train,-2.81378324280591,1.60684713308168,STAGE7_06,236.328215333507,223.544054229493,992.722807508624,269.85662104101,1222.13759945535,49.6710250443977,0.0599776526,4.9870628691,16,1,1,0.119573677756408,0.119573677756408,399.989729690357,399.884050567147,401.443712452673,0.836232702111376,22.9581750882362,24.3083881286945,0.06692,0.08666,8.61701829144909,373.354040672638,425.627061062061,9.30799841862647,0.960912864443415,11.3589158908913,1005.3865341796,0,0.85,0.696748168985249,0.3439816400459,0.00424787624058587,7.89373943690669,4.15594744575998,0,0.0056379400086468,29.0942881,1,,
33,S7_06_03,STRONG_FIXED,train,-1.89711998488588,2.484906649788,STAGE7_06,236.328215333507,223.544054229493,992.722807508624,269.85662104101,1222.13759945535,49.6710250443977,0.15,12,16,1,1,0.0849234773971529,0.0849234773971529,400.003407259647,400.009763734898,399.742868850315,0.148574748949173,13.1696923943975,13.6900102729332,0.03672,0.04358,7.32147243246436,382.77293606712,414.74666781821,9.3413708100363,0.95899497081372,12.2796222425358,1003.32812795871,0,0.85,0.700031028051591,0.346399134002165,0.00433146804917013,7.91828334662925,4.20028630354223,0,0.00571003883848631,30.1519916,1,,
34,S7_06_04,DOE_RANDOM_1,train,-4.69694677951348,0.478988371126831,STAGE7_06,236.328215333507,223.544054229493,992.722807508624,269.85662104101,1222.13759945535,49.6710250443977,0.00912308942504512,1.61444036132726,16,1,1,0.474777195365581,0.474777195365581,396.489408601969,402.004282571316,396.430124972213,3.11370135067754,41.1498898857373,26.4317702743852,0.23374,0.32478,20.5197828391048,354.972356378685,430.04101244609,9.18850949928521,0.959391298814138,11.1760313566131,982.180086705037,0,0.85,0.685766744467048,0.313996715008212,0.00424262887473051,7.75347896120688,3.99550910386269,0,0.00549355888625859,31.3628908,1,,
35,S7_06_05,DOE_RANDOM_2,train,-2.58762477512815,-0.0461657582455431,STAGE7_06,236.328215333507,223.544054229493,992.722807508624,269.85662104101,1222.13759945535,49.6710250443977,0.0751984413380975,0.954883669230186,16,1,1,0.362504807543905,0.362504807543905,401.034472423724,395.703185422401,396.600971886977,3.21901334898523,31.2485335059494,27.0617765208763,0.2181,0.24934,14.7327563931337,365.122399483107,430.007946190032,8.08025345457447,0.961521805815726,11.4812173533244,1004.38852485995,0,0.85,0.681055824177924,0.290644273389317,0.00415489350397238,6.6452495652167,3.86620945245331,0,0.00525889025197888,32.7644118,1,,
36,S7_06_06,DOE_RANDOM_3,train,-3.06450541797505,2.15293836898138,STAGE7_06,236.328215333507,223.544054229493,992.722807508624,269.85662104101,1222.13759945535,49.6710250443977,0.0466769217230239,8.61012097601427,16,1,1,0.102440574323243,0.102440574323243,400.210240947835,400.132589579864,400.33957603676,0.242963054514128,19.9803202967536,20.8089752057508,0.04926,0.0684799999999999,9.03557666819938,375.246401347125,422.553745812822,10.0336766388148,0.960496001376576,11.5514627333533,1000.79099670271,0,0.85,0.698080263991443,0.340976647558381,0.00430426677602724,8.60690987404637,4.1825768377492,0,0.0056804377123726,30.3000105,1,,
37,S7_07_01,SAFE_BASELINE,validation,-4.60517018598809,-0.22314355131421,STAGE7_07,220.005030593249,293.443141954625,1209.91063525718,264.513657122096,1389.58958916481,51.0880518091877,0.01,0.8,16,1,1,0.724062466314129,0.724062466314129,405.886082809858,399.751749177104,382.406560691857,10.7119358039665,64.7996937367968,25.8228175087489,0.2299,0.29824,28.8524670071704,331.796978545872,430.008344653774,10.9142479079456,0.968254685023161,9.73245560239046,1277.29658334142,0,0.85,0.691998204598088,0.278301804245489,0.00648073197301508,9.50271310018942,4.94902570283165,0,0.00717572220586999,30.5674058,1,,
38,S7_07_02,PREVIOUS_BENCHMARK,validation,-2.81378324280591,1.60684713308168,STAGE7_07,220.005030593249,293.443141954625,1209.91063525718,264.513657122096,1389.58958916481,51.0880518091877,0.0599776526,4.9870628691,16,1,1,0.152486007606377,0.152486007606377,399.83907532853,399.631988479584,400.004450636106,0.231911647837447,27.6197876166856,27.9557618484371,0.07956,0.16714,9.33154648668443,368.363584925526,430.011705370266,11.9655073830251,0.967115500375979,9.46842071100033,1215.79373827697,0,0.85,0.722145168469717,0.330864172839568,0.00718607210130147,10.5559724668948,5.52241742117729,0,0.00781820361823043,28.148074,1,,
39,S7_07_03,STRONG_FIXED,validation,-1.89711998488588,2.484906649788,STAGE7_07,220.005030593249,293.443141954625,1209.91063525718,264.513657122096,1389.58958916481,51.0880518091877,0.15,12,16,1,1,0.0754794949589035,0.0754794949589035,400.027813391311,400.033640092026,399.573074876143,0.247770257771117,16.3090518597892,17.2457909823887,0.0458999999999999,0.0523199999999999,7.6215804590434,379.804985277565,418.658106825056,11.9585877388225,0.965981710440097,10.3075984088155,1216.06000081639,0,0.85,0.724742976275008,0.336304159239602,0.00760663503625547,10.5476298796033,5.58581677276488,0,0.00789358424168976,29.4012866,1,,
40,S7_07_04,DOE_RANDOM_1,validation,-3.01178846102537,-0.557068933409853,STAGE7_07,220.005030593249,293.443141954625,1209.91063525718,264.513657122096,1389.58958916481,51.0880518091877,0.0492036012991543,0.572885771722662,16,1,0,1000000,0.976358851257751,403.044670533189,384.106198753321,386.629385500253,12.1196296536578,47.691484665277,27.3169300590466,0.390212975788008,0.38,25.8589577470617,348.814408250609,430.018926934958,10.1115032924954,0.969095209367923,9.40594012951625,1183.62927106866,0,0.85,0.693255463138677,0.266209334476664,0.00553188492475004,8.69750734847153,4.69246155223072,0,0.00664212948237675,30.9686664,1,,
41,S7_07_05,DOE_RANDOM_2,validation,-4.75005554458723,0.911778177108444,STAGE7_07,220.005030593249,293.443141954625,1209.91063525718,264.513657122096,1389.58958916481,51.0880518091877,0.00865121466162758,2.48874402877959,16,1,1,0.465499297253797,0.465499297253797,399.028732154009,400.573583859058,396.777631979371,1.97112618676078,43.9120148773625,26.8875715609161,0.22862,0.31998,24.5883245015825,352.540541699524,430.013266606057,12.3668972174004,0.965873789718376,9.10756551641705,1180.86991489042,0,0.85,0.71586486823703,0.318304204239489,0.00699434787671465,10.9628728250422,5.39482856414467,0,0.00774578605914423,28.5594178,1,,
42,S7_07_06,DOE_RANDOM_3,validation,-2.18956316773335,2.16119383744435,STAGE7_07,220.005030593249,293.443141954625,1209.91063525718,264.513657122096,1389.58958916481,51.0880518091877,0.111965648143972,8.68149576900509,16,1,1,0.0864519576707362,0.0864519576707362,400.076018211544,400.013424361717,399.853254431638,0.0957309490323319,19.5294738166952,20.9893189442244,0.0568799999999999,0.06572,8.08788639942878,375.989374486394,422.634305449837,11.9393982462344,0.966561814199978,9.91268841857917,1217.63682775216,0,0.85,0.724118681545439,0.336279159302102,0.00742188348358124,10.5203602841867,5.56651579592911,0,0.00786112351073139,28.301569,1,,
43,S7_08_01,SAFE_BASELINE,train,-4.60517018598809,-0.22314355131421,STAGE7_08,202.265948413493,239.098237994517,1126.9706712481,320.707331776217,1075.97630697988,50.6762401022149,0.01,0.8,16,1,1,0.818172824682931,0.818172824682931,400.675052196804,399.171648685378,383.350806898551,9.63219414772144,72.0479274368006,25.4995466168018,0.22918,0.38,30.270168825011,324.062192445008,430.016336056534,10.6939694686168,0.974387094158646,9.81392794243224,1177.56286407602,0,0.85,0.711971810573256,0.301961745095637,0.00753026851418653,9.31354642268385,4.87066829501973,0,0.00710531066407295,29.7508746,1,,
44,S7_08_02,PREVIOUS_BENCHMARK,train,-2.81378324280591,1.60684713308168,STAGE7_08,202.265948413493,239.098237994517,1126.9706712481,320.707331776217,1075.97630697988,50.6762401022149,0.0599776526,4.9870628691,16,1,1,0.153428473891784,0.153428473891784,399.937335763967,399.629410578806,399.167953247843,0.527119570038957,32.1265066793071,26.7394777821263,0.07852,0.14974,10.8353932672213,362.813011700127,430.03016422717,11.7624507654642,0.97280074608247,10.1974553298948,1135.91530901361,0,0.85,0.74059986433598,0.35361411596471,0.00836974993350223,10.3846559681625,5.478442479879,0,0.00781492229731028,32.337712,1,,
45,S7_08_03,STRONG_FIXED,train,-1.89711998488588,2.484906649788,STAGE7_08,202.265948413493,239.098237994517,1126.9706712481,320.707331776217,1075.97630697988,50.6762401022149,0.15,12,16,1,1,0.0859867786892087,0.0859867786892087,400.029962499299,399.944364745704,399.805663982182,0.11798237256199,18.7037468483085,20.6110536111287,0.0464399999999999,0.0560399999999999,9.28159333540725,375.544080946915,422.262124872132,11.7956448916151,0.972053673060854,10.6720681473644,1135.63926428953,0,0.85,0.743531960560871,0.36321909195227,0.008502766885917,10.4191804786742,5.54849988796279,0,0.00789521677897848,31.0147958,1,,
46,S7_08_04,DOE_RANDOM_1,train,-5.05066196343611,0.937528158152473,STAGE7_08,202.265948413493,239.098237994517,1126.9706712481,320.707331776217,1075.97630697988,50.6762401022149,0.00640509210582616,2.5536613634366,16,1,1,0.441620134262808,0.441620134262808,398.832947408363,399.499324114862,397.722900848571,1.50530934130327,49.6280070294002,25.5596620871408,0.21568,0.29808,23.829647031766,345.987620508624,430.009788031328,12.2087495188991,0.971224941231532,10.1275075327366,1110.4059681903,0,0.85,0.734818569266529,0.34246414383964,0.00813672848000718,10.8314506722425,5.35509731492271,0,0.00773442036583512,30.7106062,1,,
47,S7_08_05,DOE_RANDOM_2,train,-2.61787439405019,-0.577491584881874,STAGE7_08,202.265948413493,239.098237994517,1126.9706712481,320.707331776217,1075.97630697988,50.6762401022149,0.0729577776113902,0.561304587047722,16,1,0,1000000,0.989631565608859,400.953755192283,380.613975474747,389.243088326268,12.811957235554,47.3694687329306,26.9259610469185,0.390133443227211,0.38,25.2011592617902,348.562939868159,430.019747013781,9.84284191889333,0.973467973766464,9.89768028405416,1069.87892760992,0,0.85,0.713998915766201,0.281824295439261,0.00747199335530767,8.47065974095347,4.63260007947508,0,0.0065973989065774,32.0455665,1,,
48,S7_08_06,DOE_RANDOM_3,train,-3.05027785391624,2.38483775840763,STAGE7_08,202.265948413493,239.098237994517,1126.9706712481,320.707331776217,1075.97630697988,50.6762401022149,0.0473457673564815,10.8573010162124,16,1,1,0.141988047038595,0.141988047038595,400.033262590435,400.051725837435,400.147822420934,0.0924363390151661,25.6139625420043,26.634825016998,0.09662,0.12294,11.6966852335773,368.921533775641,430.004461150286,13.0281799715645,0.972461670107891,10.3633535246996,1131.6678979533,0,0.85,0.742848299637574,0.359644100889748,0.00845592061258985,11.6572059758413,5.53680648188558,0,0.00789977171953,29.8085528,1,,
49,S7_09_01,SAFE_BASELINE,train,-4.60517018598809,-0.22314355131421,STAGE7_09,240.944614118165,346.077434396347,1311.88575173591,326.014168067073,1238.23053435456,52.0155278014129,0.01,0.8,16,1,1,0.629863947005747,0.629863947005747,402.305478595872,401.379329841125,386.66119798169,7.85581359356072,60.0590094817359,24.6947272271381,0.20266,0.38,21.7129950285412,335.714902358778,430.031489852361,9.68122895382023,0.976620317135596,9.06534587753135,1348.83589682385,0,0.85,0.630233815240409,0.198602003494991,0.00642995413731831,8.27170870695132,4.57527604443608,0,0.00665701960277501,29.881604,1,,
50,S7_09_02,PREVIOUS_BENCHMARK,train,-2.81378324280591,1.60684713308168,STAGE7_09,240.944614118165,346.077434396347,1311.88575173591,326.014168067073,1238.23053435456,52.0155278014129,0.0599776526,4.9870628691,16,1,1,0.122402854058746,0.122402854058746,400.043682619811,399.895594093895,398.971066609511,0.597637762798134,26.5758972468009,26.3765829700636,0.06876,0.12808,10.0484220348422,368.846192172175,430.015650261727,10.6693577045959,0.976349709629816,9.31152603023749,1316.23562449134,0,0.85,0.67343172461529,0.221576946057635,0.00707373391035808,9.275919665589,5.05200897163985,0,0.00720901595596995,29.0531987,1,,
51,S7_09_03,STRONG_FIXED,train,-1.89711998488588,2.484906649788,STAGE7_09,240.944614118165,346.077434396347,1311.88575173591,326.014168067073,1238.23053435456,52.0155278014129,0.15,12,16,1,1,0.0710361440843887,0.0710361440843887,400.002631248376,400.03028889608,399.566395666629,0.250956210398179,15.4074482934903,16.2947610959504,0.03898,0.0425199999999999,8.95292361163274,379.439942438447,418.50611001414,10.843457912856,0.974858752589153,10.4333705742219,1314.18271372315,0,0.85,0.677304150833711,0.225216936957658,0.00743395386567469,9.44160617794842,5.11131963380137,0,0.00731148726709364,27.9583926,1,,
52,S7_09_04,DOE_RANDOM_1,train,-2.02464388207935,1.16606356116549,STAGE7_09,240.944614118165,346.077434396347,1311.88575173591,326.014168067073,1238.23053435456,52.0155278014129,0.132040856931526,3.20933439213356,16,1,1,0.121237633612664,0.121237633612664,399.976117748193,399.987687512091,403.202033782961,1.8487601526907,22.4147586192383,24.6455608755873,0.09448,0.09612,9.20025950470318,373.213376443353,426.111413097482,9.72275269127209,0.975395546320957,9.96192517632207,1314.71983175217,0,0.85,0.672038238984645,0.21753445616386,0.00724013760228859,8.32288464569262,5.00520846738152,0,0.00715357752096291,31.8324513,1,,
53,S7_09_05,DOE_RANDOM_2,train,-2.98611929336525,-0.406804135780804,STAGE7_09,240.944614118165,346.077434396347,1311.88575173591,326.014168067073,1238.23053435456,52.0155278014129,0.0504829666647113,0.665774578949936,16,1,0,1000000,0.589143071184255,401.330042189974,390.272218515047,388.81402388935,8.59311364590145,43.7973915199103,26.0383292968223,0.30342,0.26804,23.3280734472763,352.102718106522,430.038852690953,9.26302124374004,0.977754749250156,8.98636329983342,1291.32002141782,0,0.85,0.640967365387346,0.194462013844965,0.00609693426855573,7.86327248818365,4.4405410346008,0,0.00635753788579472,32.7182037,1,,
54,S7_09_06,DOE_RANDOM_3,train,-4.99799064299252,1.62575647686335,STAGE7_09,240.944614118165,346.077434396347,1311.88575173591,326.014168067073,1238.23053435456,52.0155278014129,0.00675149955150229,5.08226219713165,16,1,1,0.21785803823939,0.21785803823939,400.03117485655,399.878303833834,398.103250564089,1.0974880790803,32.6610549725528,24.8900651912317,0.13686,0.19328,18.2483270212093,362.37774605506,430.018457453495,11.8268672921786,0.976386189050853,9.06660478406254,1328.93098325282,0,0.85,0.67246854237298,0.223121942195145,0.00681090271426047,10.4142381491169,5.04741033058912,0,0.0072553404739856,34.9695231,1,,
55,S7_10_01,SAFE_BASELINE,train,-4.60517018598809,-0.22314355131421,STAGE7_10,249.422638642021,426.310871841899,1118.70217213664,364.480636364613,954.321497437966,47.6430210260676,0.01,0.8,16,1,1,0.339957319987945,0.339957319987945,400.765236248112,401.752560328278,387.768183607106,7.14782919235251,45.6473372265422,25.4094739075833,0.16796,0.20616,15.0615142130662,349.311650085719,430.040162942019,7.75242439030487,0.978794887161031,7.43504101452337,1142.04177554536,0,0.85,0.615320047288492,0.179964550088625,0.00521419761295114,6.34929998768244,3.72941433654923,0,0.00492275291948305,30.4477598,1,,
56,S7_10_02,PREVIOUS_BENCHMARK,train,-2.81378324280591,1.60684713308168,STAGE7_10,249.422638642021,426.310871841899,1118.70217213664,364.480636364613,954.321497437966,47.6430210260676,0.0599776526,4.9870628691,16,1,1,0.0749515412099645,0.0749515412099645,400.021972031688,399.951439423341,399.695358941364,0.178556316409074,19.8728081290601,21.3114995585248,0.0555199999999999,0.0580799999999999,11.0001337519552,374.670901704361,424.454066508007,8.44985883551158,0.978092866234279,8.19471061594343,1127.9705186821,0,0.85,0.650314078588491,0.191482021294947,0.00567163718544439,7.06405264332651,4.00667995140024,0,0.00523870137559847,30.342173,1,,
57,S7_10_03,STRONG_FIXED,train,-1.89711998488588,2.484906649788,STAGE7_10,249.422638642021,426.310871841899,1118.70217213664,364.480636364613,954.321497437966,47.6430210260676,0.15,12,16,1,1,0.0662563478669888,0.0662563478669888,399.981974101599,399.95490380107,399.80836069678,0.114140589785619,11.0426840596591,11.4287754337718,0.02872,0.0301400000000001,10.6758017249733,382.982025552346,414.946143868676,8.78527463598548,0.974428632354875,10.7231783232579,1127.27770011423,0,0.85,0.654128284115716,0.194279514301214,0.00609168756425329,7.38243837858015,4.04887892781854,0,0.0053764353732845,35.5555865,1,,
58,S7_10_04,DOE_RANDOM_1,train,-4.9496339823367,1.39332615742855,STAGE7_10,249.422638642021,426.310871841899,1118.70217213664,364.480636364613,954.321497437966,47.6430210260676,0.00708600205637279,4.02822630975823,16,1,1,0.181246876241929,0.181246876241929,400.102412673273,400.011791229738,397.590138612428,1.39260658431779,28.3702991664719,25.1580926479648,0.12578,0.17906,16.3735199711348,365.389142636898,430.033821389664,9.06358457214911,0.978918292710504,7.48329560780518,1135.47426569807,0,0.85,0.647213773420124,0.191017022457444,0.00543011555443269,7.6622297357684,3.9904873090378,0,0.00523647809300136,39.8829965,1,,
59,S7_10_05,DOE_RANDOM_2,train,-1.89737843327334,2.13728351513674,STAGE7_10,249.422638642021,426.310871841899,1118.70217213664,364.480636364613,954.321497437966,47.6430210260676,0.149961237751117,8.47638036675164,16,1,1,0.0686472993517558,0.0686472993517558,399.983909449981,399.954784732096,399.936219782447,0.0460841346619073,12.0974358544478,12.8855820711132,0.03626,0.0379799999999999,10.6523527191316,381.566716176114,416.004976202167,8.53213808121617,0.974558822090094,10.5669903891401,1127.29540885587,0,0.85,0.653716993672079,0.194307014232464,0.00610559255245747,7.12848089616871,4.04326297764556,0,0.00536936014841531,33.132149,1,,
60,S7_10_06,DOE_RANDOM_3,train,-3.15088783049763,-0.595887711539104,STAGE7_10,249.422638642021,426.310871841899,1118.70217213664,364.480636364613,954.321497437966,47.6430210260676,0.0428140983258665,0.551073154673692,16,1,1,0.532026387226077,0.532026387226077,399.613348104513,392.103743577048,385.454763463894,9.55796824777724,35.6451690910893,23.5530336349836,0.27748,0.26022,21.4551686012611,359.295484516716,430.012374122859,7.510017002615,0.979373473799783,7.72562731645038,1105.71124044762,0,0.85,0.615933335691555,0.177224556938608,0.00501772361380335,6.12012899416867,3.57900599223634,0,0.00469109366958461,31.387892,1,,
61,S7_11_01,SAFE_BASELINE,train,-4.60517018598809,-0.22314355131421,STAGE7_11,254.907707882236,480.828777554556,1032.19354356755,331.765995752949,1121.18186083884,51.5376706952089,0.01,0.8,16,1,1,0.355309023787646,0.355309023787646,403.312859162025,402.340271710995,385.869164165165,8.48788212492309,35.5930248672917,25.8445603210863,0.16564,0.22932,11.5374989563493,360.489209333671,430.03319680883,7.18367001525214,0.972284622183449,7.99775664895532,1039.32119154497,0,0.85,0.61939091716438,0.181209546976133,0.00444705286305713,5.7685300757615,3.4403997714048,0,0.00489198731018155,30.6800434,1,,
62,S7_11_02,PREVIOUS_BENCHMARK,train,-2.81378324280591,1.60684713308168,STAGE7_11,254.907707882236,480.828777554556,1032.19354356755,331.765995752949,1121.18186083884,51.5376706952089,0.0599776526,4.9870628691,16,1,1,0.0634025201832077,0.0634025201832077,400.061343430003,400.051008696074,399.879846576828,0.0832701398656384,15.009241508335,15.6470894037062,0.05354,0.0565,8.20058968447393,381.027308952709,418.168678815051,7.72760058842631,0.971774230060079,8.74766340506651,1027.20534071513,0,0.85,0.645206355760223,0.187072032319919,0.00455483433105422,6.32418167916904,3.64444804879744,0,0.00513798749514486,29.1678263,1,,
63,S7_11_03,STRONG_FIXED,train,-1.89711998488588,2.484906649788,STAGE7_11,254.907707882236,480.828777554556,1032.19354356755,331.765995752949,1121.18186083884,51.5376706952089,0.15,12,16,1,1,0.0557929068884531,0.0557929068884531,400.003935693329,400.061953702041,399.850641936573,0.093383763737158,8.44071474786881,8.56285501282019,0.02178,0.02484,7.79926959730528,387.471306581825,411.314844458934,7.93234860539327,0.969264766144741,10.3571606646968,1026.53277079225,0,0.85,0.647300634665715,0.187772030569924,0.00475746469344015,6.53642021938179,3.67286001829781,0,0.00523037037478464,31.5409032,1,,
64,S7_11_04,DOE_RANDOM_1,train,-2.99179123318566,1.92848189923914,STAGE7_11,254.907707882236,480.828777554556,1032.19354356755,331.765995752949,1121.18186083884,51.5376706952089,0.0501974408239944,6.87905920571152,16,1,1,0.0585151939047078,0.0585151939047078,400.040630549226,400.11994101192,399.500616638246,0.297444913593013,14.0898390727694,14.688735490541,0.04476,0.0472599999999999,8.28755500925939,381.531272547543,417.193063488904,7.9964346797874,0.971765548393156,8.75205653330623,1025.65792292563,0,0.85,0.64596126521428,0.187632030919923,0.00454861550582398,6.58522589172468,3.65404877886083,0,0.00514904538320739,29.0093166,1,,
65,S7_11_05,DOE_RANDOM_2,train,-2.45934296460193,-0.66563712557762,STAGE7_11,254.907707882236,480.828777554556,1032.19354356755,331.765995752949,1121.18186083884,51.5376706952089,0.0854911031993215,0.513945975245343,16,1,0,1000000,0.460669949532202,395.807455381406,391.577065937441,411.804621666926,8.71535696917392,21.6910708476005,17.6731440451243,0.29746,0.243,14.0374154797237,374.440548223871,419.681272496275,6.93020747336899,0.97187235588663,9.38213734348436,1001.10498835941,0,0.85,0.6229992139937,0.179107052232369,0.00439281990277192,5.52258705856648,3.33203041304762,0,0.00471335440316992,29.2926644,1,,
66,S7_11_06,DOE_RANDOM_3,train,-4.58494331594853,0.460005410716811,STAGE7_11,254.907707882236,480.828777554556,1032.19354356755,331.765995752949,1121.18186083884,51.5376706952089,0.0102043281940201,1.58408255599341,16,1,1,0.256881194850036,0.256881194850036,397.882123945344,400.539695734834,394.886903120859,3.21042209917264,28.2457227809707,25.6704711150152,0.11168,0.27466,15.2289653875199,367.67065248128,430.009103449033,7.56792468693316,0.971605718590074,8.29437388435736,1014.04478705801,0,0.85,0.634920760985889,0.184734538163655,0.00449171968795199,6.14845734649395,3.54925524724631,0,0.00503207709397535,30.2514314,1,,
67,S7_12_01,SAFE_BASELINE,validation,-4.60517018598809,-0.22314355131421,STAGE7_12,226.852336447767,318.292819989306,1263.79743562587,306.53877576609,1413.88021075846,47.2414340539947,0.01,0.8,16,1,1,0.750024457992213,0.750024457992213,404.511965294897,400.521601818601,384.442464046488,9.3571153714582,63.0560756494617,27.0855805983395,0.22356,0.38,27.0475720159432,333.193135234378,430.030766819953,10.642111251152,0.974456273009691,9.90325873099551,1335.97663854194,0,0.85,0.67364553836894,0.25275436811408,0.0070132176975415,9.233986455233,4.82463013654558,0,0.00646432161875407,31.1220619,1,,
68,S7_12_02,PREVIOUS_BENCHMARK,validation,-2.81378324280591,1.60684713308168,STAGE7_12,226.852336447767,318.292819989306,1263.79743562587,306.53877576609,1413.88021075846,47.2414340539947,0.0599776526,4.9870628691,16,1,1,0.146630699163917,0.146630699163917,399.934581714557,399.659028903983,399.986058661615,0.200611732213725,26.7999389879162,27.683762382416,0.07746,0.15682,10.0810045129003,368.573555180374,430.016147855305,11.6422178057075,0.973429127239118,9.82152797778341,1271.2411858809,0,0.85,0.705347337624131,0.294136764658088,0.00771976938648359,10.2333314235113,5.35669460270838,0,0.00701247729937865,34.669213,1,,
69,S7_12_03,STRONG_FIXED,validation,-1.89711998488588,2.484906649788,STAGE7_12,226.852336447767,318.292819989306,1263.79743562587,306.53877576609,1413.88021075846,47.2414340539947,0.15,12,16,1,1,0.0764385157586756,0.0764385157586756,400.020463151973,400.012229402791,399.584833765743,0.240091163899679,15.6642084025947,16.8407077177357,0.04456,0.04928,8.47200009238117,379.575889482479,418.593574702584,11.6259652115951,0.972436331364595,10.7346344217473,1274.04350034614,0,0.85,0.708420892282667,0.301046747383132,0.00814269133076715,10.2251335614329,5.42211439991439,0,0.00709559792953693,29.20424,1,,
70,S7_12_04,DOE_RANDOM_1,validation,-3.45925752245949,2.22716444173556,STAGE7_12,226.852336447767,318.292819989306,1263.79743562587,306.53877576609,1413.88021075846,47.2414340539947,0.0314531065761025,9.27353311932909,16,1,1,0.146072987837446,0.146072987837446,400.243850218397,400.42724702965,400.16501314865,0.299573192272251,24.0573566556961,25.6631681775487,0.10846,0.13286,12.1492047561495,370.89541975806,427.42407479314,13.0466294734339,0.973203625637554,9.81142527158985,1279.90455262169,0,0.85,0.707173978882496,0.298286754283114,0.00754262384789428,11.6353897376065,5.39873951654937,0,0.00708337888294752,30.9585791,1,,
71,S7_12_05,DOE_RANDOM_2,validation,-1.97352184543978,0.657089114107267,STAGE7_12,226.852336447767,318.292819989306,1263.79743562587,306.53877576609,1413.88021075846,47.2414340539947,0.138966574576783,1.92916856373877,16,1,1,0.235684023032417,0.235684023032417,400.333535990044,398.233859950522,408.942093675184,5.26597683963749,24.939266385233,27.5818593866045,0.15768,0.15388,12.139570946988,371.029766220933,428.973828395443,10.099462862643,0.97301428099417,10.3970798821477,1275.73518452529,0,0.85,0.699572910774157,0.281719295701761,0.00781142366841352,8.69333890213188,5.19189185115795,0,0.00679205851437251,29.3559768,1,,
72,S7_12_06,DOE_RANDOM_3,validation,-4.89999569143644,0.293799161663044,STAGE7_12,226.852336447767,318.292819989306,1263.79743562587,306.53877576609,1413.88021075846,47.2414340539947,0.0074466151550699,1.34151444907852,16,1,1,0.645571547713747,0.645571547713747,395.289247753033,405.830530242598,390.948295904231,6.78526876597437,49.275132814046,25.3928652513055,0.2835,0.38,18.2168776697836,346.943999483886,430.046932900726,11.2366833698806,0.971846203144307,9.64219183514331,1298.59719752446,0,0.85,0.692657819691753,0.274889312776718,0.00726086547950236,9.83184060474909,5.10296490953509,0,0.00677270252775929,29.4288708,1,,
73,S7_13_01,SAFE_BASELINE,train,-4.60517018598809,-0.22314355131421,STAGE7_13,180.599135239611,260.229886662052,1399.12346239748,297.312903036117,1357.49035496546,52.9414677935091,0.01,0.8,16,1,0,1000000,1.51550673152997,373.556083267547,386.645059580743,378.583289589599,21.1053757019217,84.4813946586551,26.1395784710536,0.30446,0.38,40.7177487354016,312.087312795609,430.080092523883,13.8946006076706,0.981194849832754,8.76469773585648,1424.72490153059,0,0.85,0.736991062465473,0.361134097164757,0.00800019210468534,12.5155990228296,6.49073432733415,0,0.00995811569574196,30.8754629,1,,
74,S7_13_02,PREVIOUS_BENCHMARK,train,-2.81378324280591,1.60684713308168,STAGE7_13,180.599135239611,260.229886662052,1399.12346239748,297.312903036117,1357.49035496546,52.9414677935091,0.0599776526,4.9870628691,16,1,1,0.232143534238332,0.232143534238332,398.993495064631,397.845736465917,398.558796328834,1.60530075904641,43.0721069794787,26.2154759909934,0.15824,0.17658,10.8651328619668,352.344269664305,430.028843207164,13.8958903323066,0.979658064094998,9.1461935000202,1408.69618581431,0,0.85,0.764871462947569,0.457898855252862,0.00888757203720619,12.515116370307,7.41489397049583,0,0.0112137140278623,30.4743469,1,,
75,S7_13_03,STRONG_FIXED,train,-1.89711998488588,2.484906649788,STAGE7_13,180.599135239611,260.229886662052,1399.12346239748,297.312903036117,1357.49035496546,52.9414677935091,0.15,12,16,1,1,0.128787658424922,0.128787658424922,400.123511308916,397.472757622423,401.233558843512,1.62520526896962,26.4338590198943,27.9075692864088,0.11178,0.08344,8.89966868716544,368.951094340496,429.325344471934,13.8976295186729,0.979386456400415,9.36975691381759,1400.35309168145,0,0.85,0.768466681566775,0.476308809227977,0.0090929112203396,12.5153454683729,7.59929204729784,0,0.0114259547444576,30.7465204,1,,
76,S7_13_04,DOE_RANDOM_1,train,-4.97503927441645,0.519476903131806,STAGE7_13,180.599135239611,260.229886662052,1399.12346239748,297.312903036117,1357.49035496546,52.9414677935091,0.00690824761673273,1.68114801638989,16,1,1,0.728596018664703,0.728596018664703,387.399883631275,395.77869956265,387.449438964263,10.5530231403068,64.5634814214628,26.1380781660512,0.22914,0.38,19.2770314342232,331.419456474833,430.061689360955,13.8962865050976,0.980117282325362,8.98792373584188,1421.09144804507,0,0.85,0.755421978405852,0.421626445933885,0.00846135173576943,12.515527337991,6.9845005933207,0,0.0106656833535163,31.3030021,1,,
77,S7_13_05,DOE_RANDOM_2,train,-2.20996978977941,1.86262764602275,STAGE7_13,180.599135239611,260.229886662052,1399.12346239748,297.312903036117,1357.49035496546,52.9414677935091,0.109703962646362,6.44063827366561,16,1,1,0.196866226342721,0.196866226342721,399.690742029078,397.458767941084,399.42036544553,1.51541821362715,34.7160517639995,27.7020538858102,0.14118,0.16452,9.82125691961551,360.770048985859,430.013996758311,13.8977335228235,0.979318051049707,9.37411219490176,1403.03894662446,0,0.85,0.766658038826579,0.466918832702918,0.00903717212826893,12.5153027306825,7.50623140058435,0,0.0113135762362802,32.8837716,1,,
78,S7_13_06,DOE_RANDOM_3,train,-3.1082896895295,-0.57565707104008,STAGE7_13,180.599135239611,260.229886662052,1399.12346239748,297.312903036117,1357.49035496546,52.9414677935091,0.0446773020909004,0.562335253178712,16,1,0,1000000,1.65960276375215,409.369090301095,365.551108650257,382.501537068306,22.9543182086239,75.1777451371468,26.2965915084361,0.39055560752584,0.38,39.7563845537528,321.255025955939,430.0090057666,13.060805188722,0.981145440936587,8.41133405384405,1284.75927449597,0,0.85,0.732414952329082,0.325486686283284,0.00771285838462648,11.6837602176238,5.83741283038214,0,0.00884889235570515,37.8027333,1,,
79,S7_14_01,SAFE_BASELINE,train,-4.60517018598809,-0.22314355131421,STAGE7_14,210.019631505153,456.963771072261,1336.3933180046,249.767694154931,1471.60518087819,48.7359111392885,0.01,0.8,16,1,1,1.14992688479477,1.14992688479477,408.602498032472,395.291834720601,370.548831051893,17.9215061225964,61.1370497509558,25.4201682372293,0.2551,0.38,34.4193999636607,335.123287131719,430.021960745554,12.4104557503504,0.969535721877719,10.8198471955826,1396.76183263506,0,0.85,0.714202939131644,0.320096699758251,0.0082318716620131,11.0029948261299,5.81487617675879,0,0.0081045888819174,33.8599214,1,,
80,S7_14_02,PREVIOUS_BENCHMARK,train,-2.81378324280591,1.60684713308168,STAGE7_14,210.019631505153,456.963771072261,1336.3933180046,249.767694154931,1471.60518087819,48.7359111392885,0.0599776526,4.9870628691,16,1,1,0.163086295898745,0.163086295898745,399.705049336305,399.528624701592,397.348521426996,1.56413226093162,26.763231538084,26.4666560253601,0.0857599999999999,0.15688,10.0673340612609,368.789172655353,430.001507537489,13.5441992379331,0.967149459565143,10.8385498338527,1337.95902667582,0,0.85,0.739457641643281,0.387101532246169,0.00943551935494858,12.1335244606183,6.54554147105829,0,0.00898852296743079,32.4258138,1,,
81,S7_14_03,STRONG_FIXED,train,-1.89711998488588,2.484906649788,STAGE7_14,210.019631505153,456.963771072261,1336.3933180046,249.767694154931,1471.60518087819,48.7359111392885,0.15,12,16,1,1,0.0852591807811947,0.0852591807811947,400.015246246545,399.945390341018,399.614535677273,0.224942516347975,15.8938032244993,17.0330593596293,0.04928,0.0524,8.62005120010741,379.334158259735,419.432950372351,13.5619398522844,0.966913748393677,11.3428031622933,1344.75353185315,0,0.85,0.741476088114599,0.389789025527436,0.00993368063540661,12.1512889877448,6.62327419757161,0,0.00908544370468229,30.149494,1,,
82,S7_14_04,DOE_RANDOM_1,train,-4.79692700361212,2.01863932262355,STAGE7_14,210.019631505153,456.963771072261,1336.3933180046,249.767694154931,1471.60518087819,48.7359111392885,0.00825507592982211,7.5280746806935,16,1,1,0.304540722196385,0.304540722196385,400.576371567612,399.525357718209,397.414862628825,1.55353625721685,25.9365564418805,27.2125732882213,0.14148,0.28764,18.7219576063815,369.320362398074,430.003333057064,15.0253965212202,0.967254696938819,10.7647905831958,1359.01914768021,0,0.85,0.740971338487685,0.389346526633683,0.00894672803902,13.6173966093205,6.54792825717066,0,0.00902689141047884,31.2647016,1,,
83,S7_14_05,DOE_RANDOM_2,train,-3.98163392741541,-0.477011175619253,STAGE7_14,210.019631505153,456.963771072261,1336.3933180046,249.767694154931,1471.60518087819,48.7359111392885,0.0186551332884663,0.620635593267595,16,1,0,1000000,1.40035946901321,409.95184052107,385.118004418134,368.019187028299,21.1603821687796,57.9811875292359,23.7359671434516,0.3286,0.38,36.2650157167319,338.312188188789,430.016146633118,12.022426800761,0.970106328101371,10.4973321792987,1340.42926166629,0,0.85,0.710272124671353,0.310624223439441,0.00745779801181577,10.6133702720348,5.53136839562832,0,0.00763277530487754,29.9547121,1,,
84,S7_14_06,DOE_RANDOM_3,train,-2.18366531965356,0.779675711842794,STAGE7_14,210.019631505153,456.963771072261,1336.3933180046,249.767694154931,1471.60518087819,48.7359111392885,0.112627955701717,2.1807649545697,16,1,1,0.26455927487781,0.26455927487781,400.165837607539,399.290736102046,391.899148172872,4.69589741917009,27.051877466956,26.0405670438752,0.15226,0.2074,11.3571889067433,368.804944524357,430.00630260247,12.1104630139917,0.967401107969122,11.0133813836134,1349.90557624684,0,0.85,0.734955859516979,0.374119064702338,0.00944545009859423,10.6981665877327,6.37374585418011,0,0.00873655888219087,32.2336232,1,,
85,S7_15_01,SAFE_BASELINE,test,-4.60517018598809,-0.22314355131421,STAGE7_15,261.422098146813,376.46802677733,1065.31305847124,288.284123261911,1039.46839711182,48.4365635859685,0.01,0.8,16,1,1,0.331903447283635,0.331903447283635,402.883444007451,401.099440004721,389.419846933017,6.36298296369631,36.1137664606824,23.5535773891548,0.1816,0.21096,14.8516981987162,358.719157803596,430.005133861175,11.9903221083745,0.969699521470493,9.77117160008998,1082.60355490589,0,0.85,0.596043544282632,0.17127207181982,0.00398300103181364,5.74073915612146,3.42394177584712,0,0.00457887513319167,27.4193879,1,,
86,S7_15_02,PREVIOUS_BENCHMARK,test,-2.81378324280591,1.60684713308168,STAGE7_15,261.422098146813,376.46802677733,1065.31305847124,288.284123261911,1039.46839711182,48.4365635859685,0.0599776526,4.9870628691,16,1,1,0.0889459047162052,0.0889459047162052,400.071304137463,400.079546207246,399.780289667389,0.141049056906332,18.7302177611545,19.7827653491171,0.05484,0.0591599999999999,9.70119445184218,376.373699902626,421.994616060781,7.9003503915169,0.968467669180689,10.6225286925394,1067.43575291978,0,0.85,0.639438149223084,0.184249539376152,0.00405485586626632,6.48303703233998,3.75805450510025,0,0.0049611772279519,27.8569715,1,,
87,S7_15_03,STRONG_FIXED,test,-1.89711998488588,2.484906649788,STAGE7_15,261.422098146813,376.46802677733,1065.31305847124,288.284123261911,1039.46839711182,48.4365635859685,0.15,12,16,1,1,0.0812167673159808,0.0812167673159808,400.000655699401,400.079335236213,399.811454321412,0.11810162652158,10.4299978341032,10.8598664963035,0.02776,0.0300199999999999,9.45506094521363,384.299364944491,413.161054065859,8.22498263975237,0.964959609180015,12.4915260693239,1066.21845135829,0,0.85,0.644325430481723,0.188302029244927,0.00409776467587938,6.83612735714443,3.7958331648394,0,0.00508851428723422,27.2200184,1,,
88,S7_15_04,DOE_RANDOM_1,test,-2.01576687554884,-0.364715457730096,STAGE7_15,261.422098146813,376.46802677733,1065.31305847124,288.284123261911,1039.46839711182,48.4365635859685,0.133218202401165,0.694394207274019,16,1,1,0.391942889970956,0.391942889970956,397.393644168652,392.584521774498,409.917863719314,7.3063084337531,19.6372510527652,15.7871126547686,0.26886,0.20972,14.6084335540529,375.581562898986,417.656933555775,7.2726970847041,0.966254610237854,12.2501302963611,1041.26277720844,0,0.85,0.6191060582554,0.175569561076097,0.00404561352374575,5.8628953374484,3.48373262201382,0,0.00466668600823727,30.2988692,1,,
89,S7_15_05,DOE_RANDOM_2,test,-4.94253898272493,0.396499584412757,STAGE7_15,261.422098146813,376.46802677733,1065.31305847124,288.284123261911,1039.46839711182,48.4365635859685,0.00713645601195936,1.48661182015775,16,1,1,0.271725082498136,0.271725082498136,398.07618042619,400.618834424991,395.917793155817,2.62985744333666,35.2289785696429,26.7008085537441,0.11528,0.2565,16.8602133814954,359.334895314346,430.017475698749,9.21430820391243,0.968674061761748,10.0805412864311,1056.52956658692,0,0.85,0.619111958628853,0.18073704815738,0.00403715908114916,6.19989247287165,3.61555996446381,0,0.00480966793549631,29.2590454,1,,
90,S7_15_06,DOE_RANDOM_3,test,-3.56611673352677,2.39625908804537,STAGE7_15,261.422098146813,376.46802677733,1065.31305847124,288.284123261911,1039.46839711182,48.4365635859685,0.0282654029297212,10.9820166837428,16,1,1,0.0779155879654828,0.0779155879654828,399.970644078541,400.058706945348,399.32346529612,0.392431514666798,15.5410538312244,16.4165298813147,0.03542,0.0395799999999999,10.6002662743034,377.939479593411,419.891371467122,8.7962047214505,0.968640809132069,10.7260112551219,1068.34723475068,0,0.85,0.640721797239594,0.187077032307419,0.00407439418689703,7.37310949429494,3.77963319848532,0,0.00498382998844369,28.6473415,1,,
